year,coal_peat__available_final_energy_consumption,coal_peat__commercialpublic_services,coal_peat__exports,coal_peat__imports,coal_peat__indigenous_production,coal_peat__industry,coal_peat__own_use_and_distribution_losses,coal_peat__primary_energy_requirement_excl_nonenergy,coal_peat__primary_energy_supply_incl_nonenergy,coal_peat__residential,coal_peat__total_final_energy_consumption,coal_peat__transformation_input,coal_peat__transformation_output,electricity__agricultural,electricity__available_final_energy_consumption,electricity__commercialpublic_services,electricity__exports,electricity__imports,electricity__industry,electricity__own_use_and_distribution_losses,electricity__primary_energy_requirement_excl_nonenergy,electricity__primary_energy_supply_incl_nonenergy,electricity__residential,electricity__total_final_energy_consumption,electricity__transformation_input,electricity__transformation_output,electricity__transport,natural_gas__available_final_energy_consumption,natural_gas__commercialpublic_services,natural_gas__imports,natural_gas__indigenous_production,natural_gas__industry,natural_gas__own_use_and_distribution_losses,natural_gas__primary_energy_requirement_excl_nonenergy,natural_gas__primary_energy_supply_incl_nonenergy,natural_gas__residential,natural_gas__total_final_energy_consumption,natural_gas__transformation_input,natural_gas__transport,oil_petroleum__agricultural,oil_petroleum__available_final_energy_consumption,oil_petroleum__commercialpublic_services,oil_petroleum__exports,oil_petroleum__imports,oil_petroleum__industry,oil_petroleum__own_use_and_distribution_losses,oil_petroleum__primary_energy_requirement_excl_nonenergy,oil_petroleum__primary_energy_supply_incl_nonenergy,oil_petroleum__residential,oil_petroleum__total_final_energy_consumption,oil_petroleum__transformation_input,oil_petroleum__transformation_output,oil_petroleum__transport,other_fossil__available_final_energy_consumption,other_fossil__indigenous_production,other_fossil__industry,other_fossil__primary_energy_requirement_excl_nonenergy,other_fossil__primary_energy_supply_incl_nonenergy,other_fossil__total_final_energy_consumption,other_fossil__transformation_input,other_renewables__available_final_energy_consumption,other_renewables__commercialpublic_services,other_renewables__indigenous_production,other_renewables__primary_energy_requirement_excl_nonenergy,other_renewables__primary_energy_supply_incl_nonenergy,other_renewables__residential,other_renewables__total_final_energy_consumption,renewables_bio__available_final_energy_consumption,renewables_bio__commercialpublic_services,renewables_bio__exports,renewables_bio__imports,renewables_bio__indigenous_production,renewables_bio__industry,renewables_bio__primary_energy_requirement_excl_nonenergy,renewables_bio__primary_energy_supply_incl_nonenergy,renewables_bio__residential,renewables_bio__total_final_energy_consumption,renewables_bio__transformation_input,renewables_bio__transport,renewables_hydro__indigenous_production,renewables_hydro__primary_energy_requirement_excl_nonenergy,renewables_hydro__primary_energy_supply_incl_nonenergy,renewables_solar__available_final_energy_consumption,renewables_solar__commercialpublic_services,renewables_solar__indigenous_production,renewables_solar__primary_energy_requirement_excl_nonenergy,renewables_solar__primary_energy_supply_incl_nonenergy,renewables_solar__residential,renewables_solar__total_final_energy_consumption,renewables_wind__indigenous_production,renewables_wind__primary_energy_requirement_excl_nonenergy,renewables_wind__primary_energy_supply_incl_nonenergy,total__agricultural,total__available_final_energy_consumption,total__commercialpublic_services,total__exports,total__imports,total__indigenous_production,total__industry,total__own_use_and_distribution_losses,total__primary_energy_requirement_excl_nonenergy,total__primary_energy_supply_incl_nonenergy,total__residential,total__total_final_energy_consumption,total__transformation_input,total__transformation_output,total__transport
2024,533.4676836391158,0.0,27.524062376,339.71824379357247,255.408,0.0,0.0,820.3962627893382,820.3962627893382,0.0,0.0,321.1099485899401,0.0,0.0,2802.9138194314223,0.0,18.1267962,453.3593544,0.0,278.2393389715629,435.2325582,435.2325582,0.0,0.0,46.85275699999999,1551.525751377121,0.0,1769.6912286575368,0.0,3393.353822883354,876.5900303151064,0.0,55.50936887736595,4269.943853198461,4269.943853198461,0.0,0.0,2448.119170279702,0.0,0.0,13916.806470979993,0.0,2113.2134776757935,16981.594929804014,0.0,139.89907745532375,14091.011871023074,14487.846750280542,0.0,0.0,4548.13997564724,4242.8426696758725,0.0,72.42433382400002,156.19145509675351,0.0,156.19145509675351,156.19145509675351,0.0,83.7671212727535,103.79639772353538,0.0,103.79639772353538,103.79639772353538,103.79639772353538,0.0,0.0,568.8749670573118,0.0,12.063036284015999,310.9063467409951,521.3001992916893,0.0,820.7463270326889,820.7463270326889,0.0,0.0,248.49544535923323,0.0,65.88802168981832,65.88802168981832,65.88802168981832,14.043912804447732,0.0,106.58699142316769,106.58699142316769,106.58699142316769,0.0,0.0,982.816505517326,982.816505517326,982.816505517326,0.0,12579.779984783914,0.0,1106.368589051318,12846.984345340654,2940.873601057397,0.0,403.6982465765908,14396.906176787956,14618.221864392795,0.0,0.0,5261.859456030279,3672.9470862150574,0.0
2023.0,564.9246094295585,0.4239362406015036,32.034294313376,802.507171917604,255.408,104.680058373182,7.1428732479920045,1236.40395884686,1236.40395884686,475.6551842062182,580.7591788200018,725.5223473116154,23.30146332,42.394664825848295,2685.319839200241,1370.270358543027,38.39195659999999,320.02053399999994,576.6847532503314,271.78872707556417,281.6285773999999,281.6285773999999,696.9241582802189,2714.6504435836505,47.3019694,1582.4337857810206,28.37650868422477,1658.5542162601953,325.09324750617145,3215.0413773748437,934.8102988628082,849.4845832997253,53.31658492732423,4149.851676237651,4149.851676237651,464.82062392579337,1654.7368118476957,2443.114040062276,15.338357116005538,454.7705527395968,13872.199805079661,388.92607798341237,2711.1543056680125,16997.889307491918,673.2544945878318,215.6142570315634,13768.280399407837,14165.115278665302,2082.231983848745,13461.599060300834,5906.872807395827,5960.886558107934,9823.118369399912,74.80563245120143,168.41424127137063,74.80563245120145,168.41424127137063,168.41424127137063,74.80563245120145,93.6086088201692,87.4381441847864,24.330046240975367,87.4381441847864,87.4381441847864,87.4381441847864,63.10809794381103,87.4381441847864,515.6956637335705,24.77017432913111,16.444774484688,261.2848358529681,491.4885731680115,171.353412864457,731.1196878113867,731.1196878113867,25.184231851508297,523.1489159425167,210.29085906567215,301.8410968974203,81.07662757111072,81.07662757111072,81.07662757111072,14.100680542736976,0.1664946616572057,69.69810460308459,69.69810460308459,69.69810460308459,13.93418588107977,14.100680542736976,1003.6741208633264,1003.6741208633264,1003.6741208633264,269.77994119564664,12277.37463160345,1939.305328392969,1432.2410176167878,12725.253221450084,2964.304110524498,2061.292971746222,436.4838771426661,14075.243359070066,14296.559046674907,2542.9148819098928,12090.057061513007,6110.513054701839,4574.527796494987,5257.115147397607
2022.0,687.5211814233887,0.4239362406015036,39.029909269856,1884.7582245188466,255.408,141.66139893424,14.148629068412129,1898.6451820675559,1898.6451820675559,569.317914757745,711.4032499325866,1306.933580151864,64.60151162000001,46.56481079605726,2607.1050602825258,1267.4573852268052,114.356866,136.02009399999997,568.7055659489492,282.3714752612618,21.66322799999997,21.66322799999997,705.8341084112852,2607.6227564418336,43.971542,1874.7712548194288,19.060886058736465,1806.1087312606717,345.6619924632008,3306.491910370822,1164.6782896169382,902.9614287525428,54.067608253983295,4471.1701999877605,4471.1701999877605,539.7924043487252,1804.99599011064,2614.49559183629,16.5801645461717,507.5930355317952,13474.450408668628,379.8170345490833,3118.8961917734905,17642.591899985317,692.9825795759615,237.19030044613376,13819.751776119674,14224.50547782921,2090.2434568450526,13244.890233312517,6721.099202189241,6306.3622093815375,9539.680316727785,58.377269159703815,148.37784835518525,58.37726915970382,148.37784835518525,148.37784835518525,58.37726915970382,90.00057919548144,71.26973508628534,23.126490420175365,71.26973508628534,71.26973508628534,71.26973508628534,48.14324466610997,71.26973508628534,465.44063533076326,27.897167318205472,14.593062077759999,187.2379722736923,551.1841413617524,184.1706743310174,711.689808220207,711.689808220207,25.111020523630533,464.3047767582043,242.74744152625968,227.12591458535084,60.30334748066673,60.30334748066673,60.30334748066673,14.055233512887735,0.1664946616572057,26.84036927425427,26.84036927425427,26.84036927425427,13.888738851230531,14.055233512887735,963.925111482326,963.925111482326,963.925111482326,300.3613285619549,12128.969262236233,1854.4300154848863,1712.8096057860994,13423.948468640649,3114.282842657408,2131.534599947314,462.1085482725181,14334.438126980298,14562.441780392455,2662.55020260238,11998.770175192103,7005.231545728583,5060.253115320197,5032.607123554151
2021.0,889.3980214343425,0.3939407518796992,39.55096440959999,1970.9388735547489,255.408,178.75282505320004,20.93822579350463,2356.6297227764853,2356.6297227764853,732.0263258025326,911.1730916076123,1604.2471497354516,110.04277885200003,48.24048649197319,2543.191624112303,1176.2181403952036,74.22851607999999,210.76152354000004,584.1101027620864,280.4427939327367,136.53300746000005,136.53300746000005,751.7880583469276,2573.07411093492,53.47371812,1827.8706563586245,12.717322938729293,1950.394568787037,349.78607595691346,3125.5692350126933,1258.1586865025404,985.92897372241,54.817977940294135,4383.727921515234,4383.727921515234,594.995406664786,1947.3902190518304,2378.944202686638,16.679762707720784,368.537352205295,12493.12422112486,392.50228987113763,3407.070808784654,16907.422549866693,682.3885208943454,199.9875368950721,12676.614931856573,13389.691737441866,2508.024901538166,11951.026790738768,6977.433592494767,6367.418052835038,7962.045974033713,53.91286811721949,142.9359805195511,53.91286811721948,142.9359805195511,142.9359805195511,53.91286811721948,89.0231124023316,57.27241616078333,21.922934599375363,57.27241616078333,57.27241616078333,57.27241616078333,35.34948156140796,57.27241616078332,409.61642577563,26.022259314570235,17.509651322400003,155.36127940924564,508.64345820659776,179.7935324465377,647.9559641309946,647.9559641309946,28.125378051819894,414.77861635903093,237.91071045662864,180.83744654610308,64.4501145808845,64.4501145808845,64.4501145808845,14.011375971201144,0.1664946616572057,21.32500929309444,21.32500929309444,21.32500929309444,13.844881309543936,14.011375971201142,840.9407244436374,840.9407244436374,840.9407244436374,232.5091625946207,11740.800484599244,1770.5640202392285,1819.7557627756048,12956.71954284421,3021.4303897070886,2234.316150022026,445.7236532173192,13811.76346542071,14189.44195260883,3044.128819604835,11491.539547768176,7050.192114780706,5066.601072202144,4191.257519209409
2020.0,935.870142676641,0.3619455639097744,25.7698963038976,543.9706850048433,255.408,152.18594634340002,18.097693451603572,1730.3894521411212,1730.3894521411212,769.3737296165766,921.9216215238865,948.2456081348176,124.62716992000001,49.27773649060927,2440.218044625946,1075.1578701945346,164.51504246,151.4556148,582.0069106754585,263.89314971775485,-13.059427659999985,-13.059427659999985,746.7257515729577,2461.414869356167,57.9407241,1696.8790007913435,8.246600422607042,1900.249588878912,322.10315322080623,2909.737435089034,1666.2625075902808,1028.2966229783244,60.96626883535253,4575.999942679315,4575.999942679315,589.7586288,1955.922235504188,2614.87121611209,15.76383050505719,370.36833524774073,11989.60525692288,368.827360462239,3485.190293522731,16621.52434755668,660.4507817704019,187.13416313017095,11998.869619914332,12418.748058094692,2783.4024690610954,11650.858819392712,6132.0945061297,5985.289919020289,7429.453166660196,53.59513442952165,146.7240449108409,53.59513442952163,146.7240449108409,146.7240449108409,53.59513442952163,93.12891048131924,49.566012617906274,20.599451508175363,49.566012617906274,49.566012617906274,49.566012617906274,28.966561109730915,49.56601261790628,418.4805956346071,23.45191389207521,16.625089489536,195.39281044063506,479.85696603473025,191.22579596031602,656.2706280885633,656.2706280885633,27.581320676749407,418.37930891683243,237.7029013069163,176.12027838769183,80.208366922724,80.208366922724,80.208366922724,14.065106577357614,0.1664946616572057,18.838962192264738,18.838962192264738,18.838962192264738,13.898611915700409,14.065106577357612,993.250122774726,993.250122774726,993.250122774726,234.4619041144796,11359.954656641565,1626.073536490323,1940.26418095065,11864.01980477578,3562.410983043473,2261.4428281005216,427.47534684399466,13372.428188554068,13603.4098817218,3183.318973413974,11239.332887860272,6543.8138091325845,4751.837545261487,3914.8572926454544
2019.0,880.1848595818384,0.9078634586466166,28.0947445154272,541.9299610075931,781.1383151783996,158.302350805,16.81079055377395,2032.4981068531704,2032.4981068531704,739.0892769937514,898.299491257398,1278.9554613504342,108.78473682,47.24240268525429,2410.251277521157,1143.4380336185277,132.01331443999996,187.44378884,547.5154721950212,254.5498431508244,55.43047440000001,55.43047440000001,697.1164067438776,2442.739526674857,52.83924538,1721.3427016134256,7.427211432176424,1935.5202228900107,370.733192111683,2424.347743607717,2146.950046059677,988.8776542659084,65.86093282560846,4571.297789667394,4571.297789667394,591.3570011482869,1968.3871441887125,2569.9166339517747,17.419296662833837,363.06702372215466,14403.104082880143,422.73782418776455,3127.686871358531,18049.00765560078,666.6746732662384,160.94488635425705,14356.486860565892,14793.691002794641,2420.6458919751913,14044.615428596857,5842.455548434677,5714.317911028384,10124.434195872236,56.66171229235688,145.29115639080388,56.66171229235689,145.29115639080388,145.29115639080388,56.66171229235689,88.629444098447,42.76576622365079,18.02529831137536,42.76576622365079,42.76576622365079,42.76576622365079,24.74046791227543,42.76576622365079,429.8249227478012,21.79871137198753,6.701067115103999,184.86335803901116,470.3624822567191,191.09559511246843,643.620882452038,643.620882452038,26.56948053789443,428.7491076849592,213.79595970423682,189.28532066260874,76.24621663358398,76.24621663358398,76.24621663358398,13.690577884670216,0.1664946616572057,16.635893890316197,16.635893890316197,16.635893890316197,13.524083223013008,13.690577884670214,861.6756573993262,861.6756573993262,861.6756573993262,228.7759145463316,12550.687243434815,1765.9845738984363,1720.324782856302,12116.171584799313,4150.496376443277,2196.6389459013744,409.2886144304484,14607.456320766643,14846.386684525196,2933.1750240498186,12424.451294876331,6485.886788027014,4632.894025537617,5276.348926693736
2018.0,1039.5107998963672,1.117831879699248,44.43929778179199,1806.9893251016563,1631.848697972568,212.50890477512004,20.56649667968404,2946.5751355257366,2946.5751355257366,826.5839792673078,1040.2107159221273,2060.321558090998,129.343596,47.988,2361.4299911169883,1087.3235215739426,141.83539077999998,139.4506168,553.573444980091,259.46681438260055,-2.384773979999977,-2.384773979999977,702.0642831748074,2396.646743898596,54.38453208,1873.361490524092,5.697494169754885,1916.5135219385531,355.6585737976508,1728.338063506957,2751.919187218711,974.4750645733906,57.528599543766255,4480.257250725668,4480.257250725668,604.0937584591271,1956.788232245752,2506.2151292433487,22.560835415583806,350.9309831718615,14473.975763006241,454.72907777217824,3425.362800996636,18229.0643348255,671.5833509232069,196.56931523407164,14305.844676697108,14732.790714495957,2455.4206698518738,14088.58337246629,6346.463143762133,6333.571738417937,10101.419559279842,54.72293960497409,145.4371029794983,54.722939604974094,145.4371029794983,145.4371029794983,54.722939604974094,90.7141633745242,37.202107064864585,15.65245160417537,37.202107064864585,37.202107064864585,37.202107064864585,21.549655460689216,37.202107064864585,405.36032983118827,24.360199258809786,9.447658517856,153.41548873811828,472.98595286272734,199.25737253651204,621.2638590083648,621.2638590083648,30.375513223272744,408.5396152811418,215.90352917717644,154.54653026254715,59.69170898797,59.69170898797,59.69170898797,13.54608560366562,0.1664946616572057,15.139074835866447,15.139074835866447,15.139074835866447,13.379590942008411,13.54608560366562,743.0199228153261,743.0199228153261,743.0199228153261,223.45349158593075,12563.628522389195,1711.0846957221745,1890.5651729766864,12061.722339075934,5041.319405751247,2224.075188908131,425.5633198832446,14725.836158548978,14957.419443226065,3012.465125819496,12431.843007257205,7070.609704801615,5104.81915773306,5233.514639487807
2017.0,966.772647475131,1.0698390977443608,30.3147251457888,2536.686058161236,1487.7755984050675,205.98762491292,27.10804934299057,3682.7556328033,3682.7556328033,768.1580003305505,975.2154643412148,2869.39064201097,150.29218,47.988,2297.962237869615,975.6296938442867,154.36227892,96.01106391999998,577.970774206352,254.45783773342808,-58.35121500000001,-58.35121500000001,683.9452647896996,2290.1843393363347,44.40885114,1954.666360056056,4.650606495996143,1792.2480202085185,326.25693541766674,1408.596059045121,2853.989388843795,914.245465936013,49.66245243036107,4315.460581690997,4315.460581690997,555.4976708687021,1816.2291519863304,2473.550109052117,20.229079763948164,330.0231132381915,13917.180777967409,414.93547122206144,4366.860768635118,18589.370457901885,634.0467766132831,185.534136965456,13721.03161629448,14163.638562708464,2290.0732409467737,13555.458428872442,6590.850390748529,6562.79076586369,9840.7208135674,56.85091623773677,113.24184816956344,56.85091623773679,113.24184816956344,113.24184816956344,56.85091623773679,56.39093193182667,35.61701239199524,14.96715291617537,35.61701239199524,35.61701239199524,35.61701239199524,20.64985947581987,35.61701239199524,403.28644085158413,26.941040537816114,0.2063231999999999,159.06084503323777,425.16824528724914,193.4291133525881,587.385294864147,587.385294864147,28.360826150391887,409.37205572484413,184.09885401256287,160.641075684048,59.47784964114398,59.47784964114398,59.47784964114398,12.643166496154558,0.1661430807347097,13.491957060902044,13.491957060902044,13.491957060902044,12.47702341541985,12.64316649615456,640.1871414810955,640.1871414810955,640.1871414810955,212.99955661909576,12059.420228283194,1551.9636209565826,2357.88327187321,12250.258870398997,4885.061242078278,2162.513470495792,410.4413833180124,14408.404094848736,14648.543289562043,2830.046265338696,11886.233588780226,7488.569262516255,5311.207832987901,5105.881168727691
2016.0,1111.076058341728,1.215817142857143,27.735814299312,2462.125853580056,1358.8141691997523,214.6541429895,23.08746837789286,4368.196782065032,4368.196782065032,907.9171137644765,1123.787073896834,3419.8208424910495,162.293936,47.988,2252.8276759419427,960.0516056603092,136.13896319999998,74.9285836,579.0880514130199,254.22815999841504,-61.21037959999998,-61.21037959999998,677.056040492196,2268.4547768538982,55.74867697999999,2036.3705401667912,4.271079288372765,1798.9847381236011,337.78828867256186,1704.389209270803,2492.6370966750883,866.7268199395795,51.299387818969365,4250.876608617583,4250.876608617583,562.989778923585,1788.7909026396824,2400.5924826750124,21.28601510395606,318.4562855825315,14085.090050941115,435.8210178018752,3277.8664298822446,17972.958095843896,633.9444471244624,159.53451327901325,13892.390950913306,14386.636414566554,2394.895136645924,13471.780745610007,6749.176235815815,6637.079852884593,9650.105619950338,41.69861359084333,66.64222895800333,41.69861359084333,66.64222895800333,66.64222895800333,41.69861359084333,24.94361536716,32.3018988564662,12.297063268128603,32.3018988564662,32.3018988564662,32.3018988564662,20.00483558833761,32.30189885646621,343.63993978856627,29.9616666853882,0.2063231999999999,139.57006967030478,373.020816776959,175.8480479746474,503.63976633354787,503.63976633354787,34.41161199147158,358.70297911763515,159.99982654498154,118.481652466128,58.568191835904,58.568191835904,58.568191835904,12.089978425167654,0.1661430807347097,12.520462929164761,12.520462929164761,12.520462929164761,11.923835344432945,12.089978425167653,528.6456760136649,528.6456760136649,528.6456760136649,207.21614279126572,12096.796690750867,1558.783184839489,1792.9101785973885,12157.364398742557,4243.743456645127,2087.654865585071,396.8385386458375,14522.278320433505,14786.57184364299,2957.792227545224,11799.817096847111,7725.783140720586,5436.057434609088,4969.091556833626
2015.0,1111.5399049006217,0.557916090225564,36.832900007758404,3041.5358439491397,1538.5060067787792,213.48353029256,17.62225845889589,4464.928655997028,4464.928655997028,895.5635106074375,1109.6049569902232,3496.8394298051244,130.74259,47.988,2197.782342934398,927.5378361643064,92.75998699999998,150.669807,560.7787105883939,245.1058369148743,57.90982000000001,57.90982000000001,677.74542579,2217.838235305523,56.4219426,1806.4941905531275,3.7882627628226455,1750.7926417918543,352.9243301100669,3628.752036535598,112.54355351036943,800.8169649407388,73.37273357484956,3769.0771681468505,3769.0771681468505,555.1131624284506,1712.7792311097014,1944.9117927801467,3.924773630445055,303.2833430035128,13326.2288943264,466.9093151021432,3546.9490235688127,18175.17394590863,633.451109434332,201.18506561238155,13306.400213357641,13686.89087627951,2219.0089433302733,12965.880890819679,7086.262240648001,6962.33053940652,9301.237366096671,43.974944721797215,68.78530811048921,43.97494472179722,68.78530811048921,68.78530811048921,43.97494472179722,24.810363388692,27.006210717095595,10.164768561249272,27.006210717095595,27.006210717095595,27.006210717095595,16.841442155846327,27.0062107170956,348.8911542310124,21.555591949995208,0.2069493335999999,124.34969948785199,339.19860628406303,179.1717042082929,464.0628428186151,464.0628428186151,33.711271272241746,362.57102405574585,115.17168858760266,128.13245662521598,69.35815599686,69.35815599686,69.35815599686,11.427707745270592,0.1661430807347097,11.697869442554909,11.697869442554909,11.697869442554909,11.26156466453588,11.42770774527059,565.277794202,565.277794202,565.277794202,199.6296715017564,11616.009957804648,1546.082285462537,1888.8052831428852,14533.32437902304,1963.1205016528215,2008.147061172669,427.8822325253626,13918.839604111798,14126.335491622443,2851.9590932799306,11413.277694410084,7432.866622583005,5353.030755256388,4786.464176066819
2014.0,1069.592618238441,0.5599157894736841,23.852524705184,2462.0729461361607,1964.424549709044,215.34517304006002,26.068586542850504,4051.1047704956122,4051.1047704956122,872.4669970090096,1088.3720858385432,3173.4671443651237,183.550848,47.988,2128.9924959205173,845.1171227883931,60.54036220000001,245.3592642,574.9433266022301,241.0476524830344,184.818902,184.818902,662.5267477979999,2134.044894779484,58.22687155599999,1740.291076166283,3.469697590861318,1624.675927683594,313.70752610517,3590.214279152266,131.5976297400809,763.6222085863077,75.76477583850823,3731.3032087818,3731.3032087818,535.6752783817597,1615.8521505170029,2030.8625052596972,2.8471374437654906,314.81418109922555,12651.065730322944,440.1228620706833,2826.016643749481,15780.052716773629,722.9666402953299,126.18138058516469,12477.498751122355,12845.25918960641,1994.8461860437794,12317.712905128912,5772.3473361832985,5742.891641332863,8797.201556891023,41.57284853684302,66.09094508552302,41.57284853684303,66.09094508552302,66.09094508552302,41.57284853684303,24.51809654868,22.84683569297641,8.490007299928186,22.84683569297641,22.84683569297641,22.84683569297641,14.356828393048222,22.84683569297641,339.6399318578271,32.4014370972285,0.0015653339999999,132.64441966809602,337.19220561722017,171.8197290185389,467.2862751113362,467.2862751113362,26.169915860804466,346.57180580377184,127.64634325350909,116.18072382719998,60.94423242525998,60.94423242525998,60.94423242525998,10.743510841503214,0.1661430807347097,10.911064147512146,10.911064147512146,10.911064147512146,10.577367760768505,10.743510841503214,442.045256062,442.045256062,442.045256062,205.3950905496128,11045.729002730062,1420.223625301533,1488.579629920672,13109.312190550709,2053.8404436250944,2021.114019411615,392.9374118855502,13250.54848011539,13451.356977273528,2682.9627297207758,10874.67454165531,6714.161056892098,4703.512320832715,4521.098337307339
2013.0,1144.8457038082404,0.9458577443609022,37.603672196736,2957.9331309773356,2653.047025672354,165.48342882616,32.645596783450046,4095.4332852746925,4095.4332852746925,971.9238154955784,1138.3531020660994,3177.99536324791,212.21029,47.988,2111.536546069656,862.2530022931234,32.9355146,225.7640782,540.700586802769,242.66164617378868,192.8285636,192.8285636,683.505898,2138.099134640251,67.80311466,1786.985582284835,3.6516475443591583,1628.5871598565218,331.9976438183383,3717.36832186616,163.54324326958923,686.555162783446,76.71469942816789,3862.5600435215815,3862.5600435215815,606.21500544,1628.2146843051762,2157.258184236892,3.446872263392018,351.3494227212376,12877.225952366196,483.38512096121696,2789.8431988035304,16373.744276903739,770.9339023448148,138.39510865828086,12559.86538223205,13103.137118457946,2271.978528984782,12404.980789730193,5916.740441399729,5880.913288609882,8477.206421321202,38.52092100131968,61.37804996593377,38.52092100131968,61.37804996593377,61.37804996593377,38.52092100131968,22.85712896461409,20.36741326701505,7.491674472190398,20.36741326701505,20.36741326701505,20.36741326701505,12.875738794824647,20.36741326701505,296.28916960268384,29.457891275175434,0.0050090687999999,114.352782737616,302.65320900686595,140.76783268712978,415.2633112052414,415.2633112052414,28.246857364981476,300.71712651333473,118.9741416025575,102.24454518604801,51.556772735282,51.556772735282,51.556772735282,10.100682038320729,0.1661430807347097,10.160825041648728,10.160825041648728,10.160825041648728,9.93453895758602,10.100682038320729,390.5702452799999,390.5702452799999,390.5702452799999,223.6627113606188,11132.489218900952,1473.5318442923513,1450.118413515257,13742.829840068856,2326.7532714025115,1874.753168860152,404.896698322822,13332.334558370074,13620.02192546124,2962.7292107975723,10907.686907663565,6914.260471787883,4833.547371589776,4347.9462756544
2012.0,1111.419962183141,1.089836090225564,36.361476235312,2678.391978501278,641.6052353893145,195.51612179232004,28.93474578542606,4549.97153548319,4549.97153548319,911.4476380232205,1108.0535959057663,3618.14445490065,174.13266800000002,47.988,2091.4967201892214,857.5482312703991,31.83121139,67.39004427599998,527.6050845631698,247.57848292522328,35.55883288599998,35.55883288599998,698.360162,2135.4118061784466,49.016600936,1938.5743144093344,3.910328344878222,1635.7461995902304,345.7852997434136,3846.450676907572,180.7117685407595,670.64441249991,73.35756486124687,4040.9392971238017,4040.9392971238017,600.494045184,1621.061800164369,2331.8355326723245,4.138042737045477,405.15949036685134,12574.222470012943,399.0701922667125,3574.5141907482816,16494.661314101373,687.7469122606243,166.8580000656865,12466.560464879949,12973.662809032747,2471.6606073150465,12175.790527189683,6397.0931594973235,6200.899830656629,8167.10423044177,27.357344185885992,45.71297609702391,27.35734418588599,45.71297609702391,45.71297609702391,27.35734418588599,18.355631911137912,18.752484214851908,6.84142759599833,18.752484214851908,18.752484214851908,18.752484214851908,11.911056618853578,18.752484214851908,267.98503661427856,23.025037698624345,0.0028858024799999,79.62186910297886,302.7488725513405,134.99887910888611,380.25063890960126,380.25063890960126,27.572654592128035,270.4635386085345,112.26560229532271,84.866967208896,69.00198858197761,69.00198858197761,69.00198858197761,9.368411508092407,0.1661430807347097,9.423951385225207,9.423951385225207,9.423951385225207,9.202268427357698,9.368411508092407,344.901128296,344.901128296,344.901128296,250.56774518342567,10908.90022887229,1433.4461535676392,1840.485997520277,13598.576119895564,1292.0557873618357,1802.237237384324,418.8324207120264,13452.807297676049,13721.731286224138,3039.0943094914724,10724.337446407904,7519.092175013772,5126.090563737649,4176.467453511705
2011.0,1113.8783948726377,2.507622857142857,33.79352516118399,2816.99241157098,1548.2867785306123,219.24637576296,24.810386162868863,3895.7816347834664,3895.7816347834664,918.2437716379736,1139.9977702580768,2965.269643748552,170.05884,47.988,2116.6282208830858,861.7797775202847,20.771312024,62.91948924799998,513.1860663023527,243.1196357344675,42.14817722399998,42.14817722399998,712.3576760306854,2139.231406644026,18.50670808,1898.5776283555888,3.9198867907031207,1516.122094328555,307.3526692607054,3962.502878409342,197.3931893679521,622.883266378546,79.44019101679231,4146.983481862896,4146.983481862896,569.27431704,1503.142234984179,2551.4211965175487,3.6319823049273903,425.1904713743978,13775.322289408688,418.1267852191553,3283.6917649854045,17661.615537182675,744.7160800091187,156.17696607796344,13571.618027888455,14132.096997488454,2824.6057368718393,13094.692173063428,6172.779989972014,6009.605740859749,8641.358803508185,14.180185863013453,14.180185863013453,14.180185863013453,14.180185863013453,14.180185863013453,14.180185863013453,0.0,17.256942656974093,6.239251776000001,17.256942656974093,17.256942656974093,17.256942656974093,11.017690880974094,17.256942656974093,284.31304319518233,19.980654766841017,0.5923195199999999,83.82057293579345,274.322240108835,142.17048677978948,362.8795117075208,362.8795117075208,22.28249869589799,282.2271638263155,78.56646851233853,97.79352358378702,60.77508411680398,60.77508411680398,60.77508411680398,8.66194235845533,0.1644896416848537,8.70855292741533,8.70855292741533,8.70855292741533,8.497452716770477,8.661942358455331,376.7070644322,376.7070644322,376.7070644322,260.5832356871989,11417.606999425929,1405.834047003665,1683.0146536172945,14367.299519969964,1723.4866487385004,1774.4012332097411,413.053502871676,13763.338832126785,14059.422544926783,3194.8543896192346,11082.044847993717,7217.51918997017,4988.409918785464,4426.02479443351
2010.0,1283.6413142336105,1.9757028571428572,34.5881981750976,1930.4134724432195,2022.9225117726933,249.12794440840003,31.149214232022704,3995.68975196208,3995.68975196208,1013.6995228289903,1264.803170094533,2938.918955138046,210.81484,47.988,2176.7140074186946,846.5215621719253,24.902281002,65.35031812000001,550.9808124339339,258.8543885218408,40.44803711800001,40.44803711800001,734.953322196343,2184.361997928202,43.25969162,2144.74455691061,3.918301126,1579.2120939811034,337.69492937330887,4487.033384266756,237.24687660800527,540.0310443431207,87.25967445803929,4711.9128231128725,4711.9128231128725,709.7286300719999,1589.5572544957502,3045.44105467373,2.102650707320626,443.783095201959,14826.086240172312,455.14999231666513,2484.7202520002434,17879.746952103902,1085.5438536418171,185.26321964088308,14588.696128366162,15215.792892566162,3282.299726842319,14317.36553215646,6216.288870231183,6046.062391570713,9001.459368776525,8.5507786244736,8.5507786244736,8.5507786244736,8.5507786244736,8.5507786244736,8.5507786244736,0.0,15.701009855897397,5.38320312170751,15.701009855897397,15.701009855897397,15.701009855897397,10.317806734189883,15.701009855897391,287.1710505634372,15.835833607498436,0.1590407999999999,81.67050426099888,280.56479440580404,152.45870627493937,361.55523389404135,361.55523389404135,26.73269480500854,287.62100791419834,74.38418333060413,92.593773226752,51.533877868171984,51.533877868171984,51.533877868171984,7.498398861352009,0.1533193812143769,7.539336655105609,7.539336655105609,7.539336655105609,7.345079480137632,7.498398861352009,242.06067787,242.06067787,242.06067787,269.8795476009795,12144.04847500792,1434.1516952425586,1287.1891393896708,14555.945369921315,1854.6586077738043,1919.3572407015763,454.320279916333,14731.494715162684,15059.380455762685,3637.077158123334,11884.37479880537,7740.688842308949,5273.183172695966,4599.344409448335
2009.0,1315.0207812877552,1.2858066165413535,22.5185987030656,2594.180957760735,1156.9253870756975,227.22892415152003,41.075722067082495,4013.526051417991,4013.526051417991,1076.1495639311945,1304.6642946992556,2911.05882494477,215.646198,47.988,2153.557029130673,873.848575122908,15.089861,80.772639554,548.9132333195755,283.9404762021365,65.682778554,65.682778554,698.5928614794349,2173.196491429918,63.82591866999999,2103.906325530861,3.853821508,1454.4361973477069,304.2070556722414,4037.417919970359,255.0523482111892,531.127957717246,82.04631221119676,4295.274844708272,4295.274844708272,624.7066740024,1461.332238212936,2758.7923351493687,1.290550821049011,469.18964407465165,15217.308905350286,433.91252341708173,1914.337990053402,17798.834721467254,1109.2490932741473,232.29630015086784,15478.438581645198,15966.073673645198,3149.049769089188,14788.024208203513,6199.201478512481,5725.04375048812,9564.11948140528,12.909895763940002,12.909895763940002,12.909895763940002,12.909895763940002,12.909895763940002,12.909895763940002,0.0,14.471110404301248,5.068319040982934,14.471110404301248,14.471110404301248,14.471110404301248,9.402791363318311,14.471110404301246,264.84647915112515,18.240170566137138,0.1590407999999999,58.950359546255996,266.4415153304078,140.00302302041334,325.8035820285038,325.8035820285038,26.697426477710728,262.35622074201353,60.95710287737862,77.41560067775232,77.54915646102678,77.54915646102678,77.54915646102678,5.394380486806315,0.100870466426231,5.4308582077279155,5.4308582077279155,5.4308582077279155,5.293510020380085,5.394380486806316,254.148685736,254.148685736,254.148685736,282.58282203732585,12190.785609603572,1419.0641558855073,985.742748678234,14394.719985184607,1464.466263652442,1901.1931185340088,502.6727995223085,14797.253228395364,15060.076448395364,3477.292929853435,11976.0045884913,7438.705508425373,5074.251299774922,4864.6197137094405
2008.0,1402.485711459834,53.462639904,28.322196667199997,3200.3304532401644,1320.8279120520758,331.4115895988801,36.49007974595317,4563.423605533644,4563.423605533644,1018.9761772208,1403.85040672368,3333.502716732721,184.790362,48.28039999999999,2277.0652958540727,893.5631878871062,26.042077444,64.760690338,614.3346056383593,305.0998845564654,38.718612894,38.718612894,733.2062104125351,2294.035954652001,57.723931086,2310.63358617272,4.651550714,1625.8058985222256,325.2272586547808,4174.421476438278,368.0706175393761,562.5301961019787,87.16058060054856,4523.591385604929,4523.591385604929,668.83108776,1557.8573927395548,2810.624906482155,1.2688502227954526,553.1522856249095,17463.844749064603,559.5725026118841,2426.837792104653,20865.050742837448,1566.819116454941,269.7412397508477,17851.339603636912,18374.78840363691,3263.3986283955737,16777.522903360674,7430.352895280667,6812.313495480876,10767.734170570047,0.0,0.0,0.0,0.0,0.0,0.0,0.0,13.340718995514104,4.59039798946075,13.340718995514104,13.340718995514104,13.340718995514104,8.750321006053355,13.340718995514106,230.7044105418543,14.976818530975134,2.3973745238400004,44.174817216288005,236.9413441179045,139.18793126715732,281.14179916964855,281.14179916964855,20.42676774631226,230.15966919953428,50.437388627794235,55.568151655089586,83.2757930968184,83.2757930968184,83.2757930968184,3.2444861662287354,0.0946563387263999,3.2444861662287354,3.2444861662287354,3.2444861662287354,3.1498298275023355,3.2444861662287354,207.26111933300004,207.26111933300004,207.26111933300004,324.85654281245473,13601.042040342116,1544.9698906589915,1258.5444463537665,16336.288582031371,1572.5480352748796,2265.041071034406,545.3761249054144,16357.95551984542,16637.39591984542,3575.5516195605906,13189.197861795012,8300.714032202643,5809.185514913157,5445.355637876909
2007.0,1429.5868228790089,53.462639904,21.909122,2886.1204677330993,1286.9366777944729,372.99259311744964,32.84742629624762,4698.836990038082,4698.836990038082,958.86927233344,1385.3245053548894,3456.4971561028256,189.20973,48.22879999999999,2224.1360492804847,843.995503719913,7.056637636,121.46673875400002,634.1423876444403,296.4132385616432,114.410101118,114.410101118,693.41284,2224.164482078353,62.65224012,2243.046061507555,4.384950714,1440.7770494485778,316.2095429352745,3923.534994028778,322.4029905536668,541.8425052077437,77.50172199896977,4255.197023432132,4255.197023432132,592.92497352,1452.317902526685,2736.918251984584,1.3408808636667622,511.2344915166651,16859.375821203277,537.5460011037337,2460.688433370026,20474.551741256084,1647.9176411683493,259.6493473922519,17954.0518354471,18130.3436354471,2936.509500079102,17088.462768256803,7727.71290497273,6728.271030644805,11377.388241329203,0.0,0.0,0.0,0.0,0.0,0.0,0.0,9.840679533776449,3.037154572013652,9.840679533776449,9.840679533776449,9.840679533776449,6.803524961762794,9.840679533776443,206.94341680282957,9.553919153227778,0.04126464,25.33977408384,232.21839354762167,152.5641477421674,250.77600366382967,250.77600366382967,23.200729051098445,206.8607863002856,43.83258686100004,21.541990353791995,57.32549803657278,57.32549803657278,57.32549803657278,1.387316612905344,0.0376690283999999,1.387316612905344,1.387316612905344,1.387316612905344,1.387316612905344,1.424985641305344,168.4198673,168.4198673,168.4198673,303.84604575833254,13047.281333719717,1468.3381099126957,1251.4266799610134,15773.42311136121,1435.0630844817797,2339.0041577372517,520.1633474048627,16183.800902439809,16291.662302439803,3265.418770352038,13131.502472886254,8435.508109503362,5701.786441829958,5715.961942596061
2006.0,1401.6000205027028,54.241433904000004,30.90733,3280.2316464655532,1651.8488527122747,365.91109600000004,33.43885372685483,4779.291984485813,4779.291984485813,1004.7402742664001,1424.8928041703998,3565.690119488255,196.701746,52.74379999999999,2155.8141881861006,809.0947952342904,0.7765347271428572,153.67402945857145,663.6399288625322,298.6493250644967,152.89749473142857,152.89749473142857,695.114436,2225.4613488888226,61.66355781382857,2161.4465570369457,4.868388791999999,1471.1100468622965,309.78483342791674,3608.3780139802434,431.8837969256715,525.9051291630683,86.56671936,3968.847146511311,3968.847146511311,632.0842572,1469.622887030882,2411.1703802890142,1.8486672398968187,538.4298802781437,17123.326013561185,575.1287426231283,2643.494560012273,21543.193202273553,1700.2249375117651,275.648048009309,17922.977519520628,18584.868719520626,2926.5387299184913,16680.420436372646,7797.713243444246,6657.7188109015515,10856.601003569587,0.0,0.0,0.0,0.0,0.0,0.0,0.0,6.754279003702841,1.842351943208191,6.754279003702841,6.754279003702841,6.754279003702841,4.911927060494649,6.754279003702839,189.48650626290393,5.973956974629481,0.0,1.8800169984,219.10504659651036,163.91161066768402,221.10146967334236,221.10146967334236,16.776758595214403,189.32438658584786,31.614963410438442,2.6620603483199994,62.28747609605136,62.28747609605136,62.28747609605136,0.617472141289344,0.03288276,0.617472141289344,0.617472141289344,0.617472141289344,0.617472141289344,0.650354901289344,139.4955432,139.4955432,139.4955432,321.9587401390719,13102.95150948824,1441.413908603609,1341.5124797332794,16195.885484806768,1686.0680403193626,2386.5246854491675,539.7594952925785,15903.135633360347,16250.787233360345,3315.144353089444,12944.46987668207,8186.1505829795315,5588.656835487721,5437.67961816501
2005.0,1500.7762847304662,54.376105904,38.4060664,3812.2438355172094,1689.092483223102,424.12961284384005,31.82903093168097,5345.769231429006,5345.769231429006,1038.0177181136,1516.52343686144,4038.1370517588593,190.787696,55.326429608084815,2073.379515167959,732.4962036875406,0.10836,175.90526,655.3867731741965,276.30336883204006,175.7969,175.7969,645.9974021999999,2094.272208669822,59.590776,2083.5641399999995,5.0654,1369.0082614653556,283.41192012548544,3015.7268712120003,487.5285633646532,476.6770820280384,90.376377504822,3503.255434576653,3503.255434576653,606.79657896,1369.0889960569173,2043.870795606476,2.203414943393523,561.6547151377112,17066.41705054391,630.3240362132533,3062.5232917740036,22334.732494967713,1955.35468223324,288.04678975913964,18268.796075668353,19091.779675668353,2999.9529034915618,16392.897679561924,8365.336509163646,6659.355566201699,10152.135317509294,0.0,0.0,0.0,0.0,0.0,0.0,0.0,4.238027857524815,0.8865098401638225,4.238027857524815,4.238027857524815,4.238027857524815,3.351518017360993,4.238027857524816,185.98836399400213,3.1429174848,0.0,0.127920384,215.77858055757133,163.379765155,215.78050434947525,215.78050434947525,15.94892253945016,183.56978048955415,29.792140355473137,1.0981753103040002,54.28836,54.28836,54.28836,0.4608336131999999,0.0,0.4608336131999999,0.4608336131999999,0.4608336131999999,0.4608336131999999,0.4608336131999999,95.62426,95.62426,95.62426,336.1537871769404,12966.20266973523,1362.287622196617,1553.6030390870017,16317.80921683846,1702.4648670045003,2485.185767895775,526.6176566822724,15856.726973945531,16317.749773945534,3291.540566132592,12606.340404898703,8334.9904924232,5508.6357711008495,5084.434649008345
2004.0,1331.0391321693162,53.893803199999994,37.727199999999996,3713.992513660667,1811.7597197604737,388.248408,49.10165574539073,4763.409040838044,4763.409040838044,994.6780992,1436.8203104000002,3588.9468711733375,182.516,52.288,1996.3631439912149,655.2412761097673,0.0,135.36399999999998,639.2505382902328,274.12285600878494,135.36399999999998,135.36399999999998,631.756,1982.8788144,63.812,2088.424,4.343,1348.5233841024,282.043170275242,2965.352911488,690.066060156,469.9917024127577,53.16012768,3652.9976872224,3652.9976872224,601.13162208,1353.1664947679997,2251.31417544,0.0,523.4064,15971.044289318213,608.3946871335474,2505.1524,20366.640532312118,1915.0883883300862,245.40348,17392.187107568214,17838.553907568214,2782.9455837649575,15413.716441385699,7555.974119999999,5964.4384,9479.596494863867,0.0,0.0,0.0,0.0,0.0,0.0,0.0,2.2960563925760797,0.2891085257610921,2.2960563925760797,2.2960563925760797,2.2960563925760797,2.006947866814987,2.2960563925760797,146.26424248301444,2.41188,0.0,0.0,171.05168248301442,128.80872,171.05168248301442,171.05168248301442,15.01976248301442,146.2403624830144,24.78744,0.0,54.17999999999999,54.17999999999999,54.17999999999999,0.28656,0.0,0.28656,0.28656,0.28656,0.28656,0.28656,56.33,56.33,56.33,313.9912,12159.966097712972,1271.129680077544,1274.4698,15159.254434474393,1880.0902189118276,2389.7193588680334,474.5355515614803,15150.304060301118,15388.678460301118,3139.012733912308,11910.13666393644,7912.374111026667,5161.901199999999,4744.141247431933
2003.0,1380.1609113500801,55.88476936000001,37.29036016,3355.721314250081,2111.644,350.80969783679996,49.476,5098.92089465008,5098.92089465008,1017.6902948000001,1424.3847619967999,3944.2731252000003,247.194,52.03,1931.388,643.3525877411461,0.8599999999999999,101.136,684.3154122588539,273.91,100.276,100.276,599.0759999999999,1980.752,63.812,2078.362,1.978,1254.8801175530396,279.4866195186016,3139.7891037876,544.79838619536,461.4380449613983,48.52907928,3659.36352635304,3659.49276491304,538.9463349600001,1279.87099944,2356.08356808,0.0,546.1632,15010.130797899996,662.5511953520863,3269.3127745500005,20322.623667050004,1935.7554435144148,248.45352,16213.938939799998,16619.499939799996,2732.1166806362244,15061.127237672037,7789.457479999998,6457.2786,9092.831145771775,0.0,0.0,0.0,0.0,0.0,0.0,0.0,1.2566070793219497,0.169628262880546,1.2566070793219497,1.2566070793219497,1.2566070793219497,1.0869788164414034,1.2566070793219497,125.82891997066064,2.43576,0.0,0.0,144.33591997066065,108.057,144.33591997066065,144.33591997066065,15.336159970660644,125.82891997066064,18.506999999999998,0.0,51.428,51.428,51.428,0.21492,0.0,0.21492,0.21492,0.21492,0.21492,0.21492,39.044,39.044,39.044,325.11159999999995,11522.41091922806,1284.6625778786713,1657.191567355,15096.82409443764,1836.8998332453425,2397.0930278958594,471.40383928,14652.348890628062,14868.955129188062,3029.5638814652143,11630.679446324402,8305.26787068,5430.5983,4548.393572885888
2002.0,1209.735923083696,6.202,36.855124,3616.6714783199996,1211.9119999999998,244.285236,28.644,5268.287883919999,5268.287883919999,1084.5521728,1335.0394087999998,4294.948579086304,241.878,52.03,1871.188,579.7527469773547,5.332,48.59,672.493253022645,278.21,43.258,43.258,565.794,1872.048,60.63,2054.97,1.978,1570.10737549248,274.63287253915,3007.22172465792,678.9085937145601,449.25384178084994,47.2797732,3333.86908333248,3686.13031837248,475.53328152,1199.41999584,2068.74316968,0.0,544.0944,15079.540077799998,697.8252117492627,3154.8799999999997,20888.406176050004,2000.2384329579563,247.13852,16823.815576049998,17187.144176049995,2578.1201127001164,14879.080984304359,8340.099359999998,6503.2462000000005,8995.037072665913,0.0,0.0,0.0,0.0,0.0,0.0,0.0,0.4431064156153351,0.05671941445843,0.4431064156153351,0.4431064156153351,0.4431064156153351,0.3863870011569051,0.4431064156153351,129.56620449771884,0.0,0.0,0.0,148.93288449771887,113.28672,148.93288449771887,148.93288449771887,16.279484497718855,129.56620449771884,19.366680000000002,0.0,78.43199999999999,78.43199999999999,78.43199999999999,0.1671599999999999,0.0,0.1671599999999999,0.1671599999999999,0.1671599999999999,0.1671599999999999,0.1671599999999999,33.367999999999995,33.367999999999995,33.367999999999995,324.07719999999995,11760.91334684766,1206.4559448055943,1604.7345620000003,15356.68905184292,1546.207744627894,2357.2956492824733,463.3810332,14684.521964230811,15263.250999270813,2889.4964557689336,11308.704663305512,8466.26381922315,5427.532099999999,4499.4965363329575
2001.0,1345.28803360089,8.86,28.86518600090442,3783.6223115683833,1765.076,258.44543406240496,21.948,5480.091554496891,5480.091554496891,1102.9314656816,1370.236899744005,4392.882233746002,238.334,52.03,1799.8939999999998,518.6904041743401,24.768,3.268,656.49959582566,273.824,-21.5,-21.5,578.608,1808.064,50.998,2066.236,2.236,1688.96527895568,288.0574411986497,2931.07470974208,659.9590760135999,466.8896070413502,46.82743824,3138.7849847956795,3591.03378575568,481.77981192,1236.72686016,1855.24106856,0.0,542.0256,14462.730838000001,728.7851783529532,2885.8197999999993,20705.86395085,2168.5749986409173,222.58304,17012.644150850003,17182.12615085,2521.3832551727437,14803.899420690675,9379.16356,6926.3679999999995,8768.857363765046,0.0,0.0,0.0,0.0,0.0,0.0,0.0,0.04776,0.04776,0.04776,0.04776,0.04776,0.0,0.04776,129.71038614241465,0.0,0.0,0.0,153.70978614241466,113.28672,153.70978614241466,153.70978614241466,16.423666142414675,129.71038614241465,23.9994,0.0,51.25599999999999,51.25599999999999,51.25599999999999,0.1193999999999999,0.0,0.1193999999999999,0.1193999999999999,0.1193999999999999,0.1193999999999999,0.1193999999999999,28.724,28.724,28.724,323.04279999999994,11539.95726089854,1175.6181945494664,1484.635493000452,15198.821840951274,1776.3540221560145,2450.1861392186715,442.91695824,14597.50978361154,15151.71058457154,2889.0882384895867,11261.736566519754,8816.261365433002,5648.587,4386.664681882523
2000.0,1398.5056033284482,7.974,29.698650441049033,3393.8808943243357,1930.562,225.27607690399088,10.044,5230.922371659889,5230.922371659889,1169.7383152000002,1402.988392103991,4096.020259331442,242.764,49.02,1737.372,480.74,6.106,14.534,664.5219999999999,284.91799999999995,8.427999999999999,8.427999999999999,548.25,1744.7679999999998,48.246,1968.282,2.236,1586.49316633896,293.28537216,2482.66448787192,960.25443382704,471.00993192,28.13092656,3059.42503465896,3442.91892169896,438.6572124,1202.9525164800002,1828.2948288,0.0,535.8192,13931.463953949999,748.765037920938,2770.2644000000005,19114.257946750004,2261.9139954500424,184.47263999999998,15770.01344495,16219.39344495,2272.6544158770794,14094.162402472079,8821.65836,6750.221600000001,8201.979637259266,0.0,0.0,0.0,0.0,0.0,0.0,0.0,0.04776,0.04776,0.04776,0.04776,0.04776,0.0,0.04776,117.48259201685433,0.0,0.0,0.0,141.07603201685433,100.296,141.07603201685433,141.07603201685433,17.186592016854313,117.4825920168543,23.59344,0.0,72.842,72.842,72.842,0.1193999999999999,0.0,0.1193999999999999,0.1193999999999999,0.1193999999999999,0.1193999999999999,0.1193999999999999,20.984,20.984,20.984,316.9296,11164.615696995035,1152.442651120469,1408.6125252205245,13811.908908409088,2160.604625843894,2479.422968097017,410.30724656,13803.390134980758,14469.690022020755,2725.409569955394,10813.94566578489,8358.97357846572,5464.7748,4103.225818629633
1999.0,1317.4526513974936,8.86,34.57223482114094,3078.1247970462714,2269.9480000000003,127.90869642281879,13.02,4912.149070649209,4912.149070649209,1173.004528,1309.7732244228189,3898.763212051714,292.38,46.01,1617.0579999999998,431.204,4.214,24.94,625.3059999999999,255.162,20.726,20.726,516.774,1621.444,41.366,1803.936,2.15,1447.8323614233605,245.83328088,1897.6511328192005,1105.61037772416,405.2705844,43.33799712,2593.3814175033604,3003.26151054336,386.83254984,1037.93641512,1512.0911519999995,0.0,517.2,13516.5446771,776.8164273739835,2330.293,19274.285113600003,2055.697845161382,149.47679999999997,16058.2528699,16411.7688699,2283.505977127749,13039.259995137085,8564.5196,5815.8454,7331.024296187082,0.0,0.0,0.0,0.0,0.0,0.0,0.0,0.04776,0.04776,0.04776,0.04776,0.04776,0.0,0.04776,109.67812044351264,0.0,0.0,0.0,132.67456044351263,91.8186,132.67456044351263,132.67456044351263,17.859520443512665,109.67812044351267,22.99644,0.0,72.842,72.842,72.842,0.1193999999999999,0.0,0.1193999999999999,0.1193999999999999,0.1193999999999999,0.1193999999999999,0.1193999999999999,16.081999999999997,16.081999999999997,16.081999999999997,304.61,10606.42030611562,1069.9232545669918,1190.1816174105704,13117.017088142338,2462.3500981676725,2214.1984551921,379.74839712,13321.074108221475,13922.398201261476,2649.840722847387,9943.742305343463,7808.094998025857,4858.048699999999,3667.662148093541
1998.0,1718.995166931048,13.086548,29.31618506013986,3717.183119363289,1644.6399999999999,155.7024384553846,13.392,5711.644990852564,5711.644990852564,1567.8095896000002,1736.598576055385,4234.780267621515,233.904,49.966,1519.448,386.57,6.278,13.072,609.482,263.934,6.794,6.794,473.946,1522.0279999999998,42.398,1725.676,2.064,1426.1170523793603,226.38287760000003,1398.63916826304,1409.74890259632,400.8549336,31.8788448,2348.08339965936,2808.38807085936,338.56194767999995,965.79975888,1350.3921736799998,0.0,490.3056,12366.269702550002,762.4485885494632,2680.9933999999994,17778.194982750003,1928.3131355577896,174.46772,14238.343946250001,14539.63674625,1918.2030961665928,11765.463329236174,8445.369679999998,6432.489800000001,6581.174626686177,0.0,0.0,0.0,0.0,0.0,0.0,0.0,0.04776,0.04776,0.04776,0.04776,0.04776,0.0,0.04776,116.92252696097894,0.0,0.0,0.0,137.91304696097893,91.86636,137.91304696097893,137.91304696097893,25.056166960978945,116.92252696097894,20.99052,0.0,78.776,78.776,78.776,0.1193999999999999,0.0,0.1193999999999999,0.1193999999999999,0.1193999999999999,0.1193999999999999,0.1193999999999999,14.534,14.534,14.534,295.1188,10119.973174080866,1000.7682058747316,1363.95779253007,12176.611219319688,2463.459109557299,2144.211080606587,389.7427048,12561.262075171622,13186.899146371625,2580.689857524275,9355.948398486758,7753.855667490758,5058.8729,3292.651313343088
1997.0,1670.2924163763587,20.728142,29.510765050220343,3919.115506723012,1532.566,179.673521636238,7.812,5672.384525374569,5672.384525374569,1479.6415476,1680.043211236238,4238.51237814821,224.158,47.042,1435.34,361.888,6.536,5.504,568.718,239.424,-1.032,-1.032,457.95,1437.576,40.16199999999999,1653.35,1.978,1339.2414707232,206.84631528000003,867.2191700832,1910.08129752,380.04752544,47.25823344,2310.7708057632,2777.3004676032,285.8326152,872.7264559199999,1390.80076344,0.0,494.4432,11342.438491749997,826.4046271307877,2729.7462,16418.1157609,1963.6165927789039,149.22572000000002,12754.930160899998,13160.357960899997,1747.5317939257939,10799.540721351303,7615.585679999999,5933.4738,5690.6138296013005,0.0,0.0,0.0,0.0,0.0,0.0,0.0,0.04776,0.04776,0.04776,0.04776,0.04776,0.0,0.04776,96.14144080111703,0.0,0.0,0.0,117.99164080111703,71.90268,117.99164080111703,117.99164080111703,24.23876080111705,96.14144080111703,21.8502,0.0,58.30799999999999,58.30799999999999,58.30799999999999,0.09552,0.0,0.09552,0.09552,0.09552,0.09552,0.09552,4.3,4.3,4.3,294.2636,9394.463145587491,992.3484598453938,1388.1844825251103,11060.590303894707,2857.1072183211168,2092.313262647571,365.20109344,11704.1390697016,12390.6141315416,2381.703566764014,8646.379143014887,7379.861992514105,4732.1659,2847.2849148006508
1996.0,1816.2663777083783,29.971032,37.19724615198972,3603.823084613666,2406.612,238.97700926423985,11.16,5954.62695932271,5954.62695932271,1703.5477352,1972.49577646424,4396.696501664332,252.51,44.978,1360.6919999999998,336.26,15.652,4.558,531.6519999999999,235.468,-11.094,-11.094,448.834,1363.358,40.07599999999999,1584.034,1.634,1272.70153340352,195.73179912,484.2644232359999,2172.30207088752,373.04710344,60.13900991999999,2255.36692436352,2656.56649412352,302.71978704,871.4986896,1323.7259508,0.0,477.8928,10552.53073855,857.0055897447432,1734.9778000000001,14101.290658600003,1730.4564411355477,130.09564,11621.3458586,11892.9878586,1570.7462359199017,10030.501984618917,5656.90316,4419.8841999999995,5307.148246068918,0.0,0.0,0.0,0.0,0.0,0.0,0.0,0.04776,0.04776,0.04776,0.04776,0.04776,0.0,0.04776,98.13091819009983,0.0,0.0,0.0,105.12775819009984,71.28179999999999,105.12775819009984,105.12775819009984,26.84911819009984,98.13091819009983,6.99684,0.0,62.09199999999999,62.09199999999999,62.09199999999999,0.09552,0.0,0.09552,0.09552,0.09552,0.09552,0.09552,1.204,1.204,1.204,283.9244,8939.33728972281,975.5278699923716,903.2545230759948,9366.165294842836,3544.17510907762,1960.6976286398933,366.23482992,11200.826371514975,11761.117941274975,2415.6454107900504,8334.629768331677,6397.598621632165,3920.2311,2655.2081230344584
1995.0,1749.6799493315045,11.191032000000002,23.05269552,3782.5852955099226,3394.7461598399996,142.72266098687192,11.16,5922.237930611504,5922.237930611504,1704.106336,1858.0200289868721,4457.321981279999,295.924,43.0,1274.606,310.116,3.01,1.7199999999999998,495.96199999999993,219.644,-1.29,-1.29,426.56,1277.186,38.614,1471.46,1.5479999999999998,1220.50248827496,177.0568272,85.40663464343999,2253.41865307152,368.50221408,55.70181936,1915.63362299496,2338.82528771496,251.62747632,797.1865175999999,1062.62098008,0.0,593.7456,9887.5807861,1005.0354148789838,2006.3591999999996,13553.0019861,1929.967721901916,130.81240000000003,11102.2439861,11282.0063861,1395.6685542546702,9767.17967435455,5866.540800000001,4602.9276,4740.50888825455,0.0,0.0,0.0,0.0,0.0,0.0,0.0,0.04776,0.04776,0.04776,0.04776,0.04776,0.0,0.04776,91.80620927091476,0.0,0.0,0.0,91.80620927091476,62.11188,91.80620927091476,91.80620927091476,29.69432927091477,91.80620927091476,0.0,0.0,61.318,61.318,61.318,0.09552,0.0,0.09552,0.09552,0.09552,0.09552,0.09552,1.376,1.376,1.376,339.8728,8416.334345261628,995.3338106394918,1027.31094776,8775.161275448401,4105.435222262435,1962.9212855243936,346.33201936,10581.228070621626,11104.946935341628,2257.86477071825,7978.921858541625,6263.16637072,3920.8858,2371.8024441272746
1994.0,1867.7258301563252,21.167434,29.739820799999997,3105.6329616342523,2385.15015984,103.00505194975426,12.276,5881.962491156684,5881.962491156684,1899.5397076000002,2023.712193549754,4330.666661000359,328.706,41.968,1215.0939999999998,296.356,0.0,0.0,461.992,212.936,0.0,0.0,415.38,1217.244,41.28,1388.5559999999998,1.5479999999999998,1232.24107590144,174.29973791999998,2.591233128,2198.28880049856,359.64937272,20.74278888,1739.09316846144,2198.45009022144,238.53130224,772.48041288,945.46622544,0.0,517.2,9796.8483933,1053.0798186196655,2087.7452,13288.453593299999,1989.2961732428978,130.75676,11068.8913933,11324.7195933,1250.2635032338642,9531.791195987127,6046.4562399999995,4649.341800000001,4645.902602687127,0.0,0.0,0.0,0.0,0.0,0.0,0.0,0.04776,0.04776,0.04776,0.04776,0.04776,0.0,0.04776,93.26685092756796,0.0,0.0,0.0,93.26685092756796,61.753679999999996,93.26685092756796,93.26685092756796,31.51317092756797,93.26685092756796,0.0,0.0,79.11999999999999,79.11999999999999,79.11999999999999,0.09552,0.0,0.09552,0.09552,0.09552,0.09552,0.09552,1.634,1.634,1.634,300.56800000000004,8393.798818557172,1007.8271242298327,1059.2475104,8220.906010595127,3565.028011346128,1929.5456653163264,305.19516888,10388.684241617351,10996.72176337735,2260.4215985845,7860.886238576008,6175.307675940179,3877.5799,2324.4993013435637
1993.0,2215.246931349027,28.269773999999998,35.924745040000005,3741.7814205539307,2269.7043986400004,267.95022279603745,10.788,6147.245963029026,6147.245963029026,2175.9629445600003,2472.1829413560376,4243.71503168,322.504,41.022,1163.752,285.348,0.0,0.0,434.644,206.916,0.0,0.0,402.996,1165.5579999999998,37.926,1341.514,1.5479999999999998,1175.7252259315203,157.62796368,4.31872188,2161.02966828672,389.46040056,23.9091336,1749.95368777152,2161.29848449152,216.73306512,763.8214293599999,961.66412496,0.0,455.136,8922.18923675,1002.9510264972206,1573.8122000000003,11990.51683675,1600.8919540412007,126.86520000000002,9939.11403675,10190.330636749999,936.7517664334856,8664.787986306372,5018.576800000001,3877.3006,4596.086949556373,0.0,0.0,0.0,0.0,0.0,0.0,0.0,0.04776,0.04776,0.04776,0.04776,0.04776,0.0,0.04776,93.3708,0.0,0.0,0.0,93.3708,60.1776,93.3708,93.3708,33.1932,93.3708,0.0,0.0,65.78999999999999,65.78999999999999,65.78999999999999,0.09552,0.0,0.09552,0.09552,0.09552,0.09552,0.09552,1.2899999999999998,1.2899999999999998,1.2899999999999998,268.59,8021.970889981034,958.6341239286104,805.8784725200001,7891.739350531966,3456.47594760672,1818.703088978619,299.6517336,9953.727767661034,10510.942364381037,2209.375140616743,7591.378973191206,5630.7360408,3441.4163,2299.5914747781862
1992.0,2246.2243219094544,27.924308,51.0378112,3939.0871398337904,2042.55015984,218.62662614878553,10.788,6326.193188149455,6326.193188149455,2242.2311288000005,2488.782062948786,4451.932866239999,382.752,39.99,1134.254,278.64,0.0,0.0,419.594,204.852,0.0,0.0,396.116,1135.802,36.55,1304.964,1.462,1104.3654657552,132.72800112000002,0.0,1902.3920339952,348.55639632,33.47278704,1466.1041951952002,1902.3920339952,186.81433848,668.0987359199999,764.5537812,0.0,453.0672,8886.4558077,1065.3597524220954,1629.6161999999997,11288.848207700003,1593.1346046713018,127.3286,9850.348207699999,10167.622807700001,877.2154772411591,8370.198693554754,5205.217,4051.3786,4316.219285854754,0.0,0.0,0.0,0.0,0.0,0.0,0.0,0.04776,0.04776,0.04776,0.04776,0.04776,0.0,0.04776,91.65144,0.0,0.0,0.0,91.65144,59.3418,91.65144,91.65144,32.309639999999995,91.65143999999998,0.0,0.0,70.262,70.262,70.262,0.09552,0.0,0.09552,0.09552,0.09552,0.09552,0.09552,0.4299999999999999,0.4299999999999999,0.4299999999999999,266.5236,7918.530750559928,958.0577913310476,840.8320055999999,7636.249173766895,3086.1538339152003,1733.3728117300436,307.38308704,9716.861613119929,10333.56325191993,2175.05880150058,7325.18583417177,5629.678714320001,3522.0293,2159.571642927377
1991.0,2917.47188244485,58.292,43.54885216,4041.99147707678,2400.40215984,433.9455274242483,12.276,6641.78709132485,6641.78709132485,2642.054746,3134.292273424249,4025.6832088799997,313.644,38.012,1070.6140000000005,260.494,0.0,0.0,397.836,195.822,0.0,0.0,374.186,1071.9899999999998,35.001999999999995,1237.2820000000002,1.462,1099.6695826776,113.49299544,0.0,1923.4577038776,377.11811808,33.45124728,1475.5383946776,1923.4577038776,160.94508671999998,651.5562002400001,790.33687392,0.0,446.8608,8564.53696785,1115.0520225738856,1470.8051745500002,11347.962542399999,1480.296290647881,121.80560000000001,9477.869342400001,9817.458767850001,874.7114103104432,8108.269679749899,4815.0918,3683.9756,4130.126937349898,0.0,0.0,0.0,0.0,0.0,0.0,0.0,0.04776,0.04776,0.04776,0.04776,0.04776,0.0,0.04776,103.47946769737796,0.0,0.0,0.0,103.47946769737796,63.61632,103.47946769737796,103.47946769737796,39.86314769737798,103.479467697378,0.0,0.0,64.15599999999999,64.15599999999999,64.15599999999999,0.1193999999999999,0.0,0.1193999999999999,0.1193999999999999,0.1193999999999999,0.1193999999999999,0.1193999999999999,0.0,0.0,0.0,261.4424,8035.134635522403,960.7067667269428,758.187013355,7716.187009738389,3291.4614114949777,1795.691347116065,296.31404727999995,9703.169239237404,10341.083261162405,2333.4967125726,7448.473804524452,5245.726378360001,3236.0918,2066.525468674949
1990.0,3192.7813342676086,65.21655146909325,44.81390349652371,4020.1483594863444,2853.563996,432.3347421462351,15.624,6923.7366282676085,6923.7366282676085,2701.5369216,3199.088215215328,4065.301294,349.97,36.98,1019.186,240.37,0.0,0.0,385.71,184.126,0.0,0.0,356.212,1020.648,43.516,1186.886,1.376,1000.8661435238398,93.97797288,0.0,1876.73740440384,358.37852688,33.02045208,1446.2437610438396,1876.73740440384,117.26245344,569.6189532,842.8508088,0.0,430.3104,8194.2814077,1138.149026400265,1386.8424000000002,11547.8870622,1466.323949688228,125.62620000000001,8877.29953495,9188.728407699997,777.2408084060806,7903.5053352391205,4410.860199999999,3542.0394,4034.82812393912,0.0,0.0,0.0,0.0,0.0,0.0,0.0,0.04776,0.04776,0.04776,0.04776,0.04776,0.0,0.04776,107.72268000000001,0.0,0.0,0.0,107.72268000000001,63.0432,107.72268000000001,107.72268000000001,44.67948,107.72268000000001,0.0,0.0,59.94199999999999,59.94199999999999,59.94199999999999,0.04776,0.0,0.04776,0.04776,0.04776,0.04776,0.04776,0.0,0.0,0.0,252.1352,7851.701714507642,936.0785218146792,715.8281517482618,7813.307710843171,3471.2796024038403,1756.4610727972315,287.77155208,9514.522042652645,10131.030122387643,2257.59055844304,7249.381928427224,5124.4475558,3132.8907,2018.79006196956
